<?xml version="1.0" encoding="UTF-8"?>
<project-private xmlns="http://www.netbeans.org/ns/project-private/1">
    <editor-bookmarks xmlns="http://www.netbeans.org/ns/editor-bookmarks/2" lastBookmarkId="0"/>
    <open-files xmlns="http://www.netbeans.org/ns/projectui-open-files/2">
        <group>
            <file>file:/F:/XAMPP/htdocs/GotlVN/app/modules/Api/Http/Controllers/MemberController.php</file>
            <file>file:/F:/XAMPP/htdocs/GotlVN/config/modules.php</file>
            <file>file:/F:/XAMPP/htdocs/GotlVN/app/modules/Api/Http/routes.php</file>
            <file>file:/F:/XAMPP/htdocs/GotlVN/app/Models/UserInformation.php</file>
            <file>file:/F:/XAMPP/htdocs/GotlVN/app/Models/User.php</file>
            <file>file:/F:/XAMPP/htdocs/GotlVN/app/modules/Api/Http/Controllers/ApiController.php</file>
        </group>
    </open-files>
</project-private>
